customer_id,age,income,credit_score,visits,churn
1001,22,30000,580,2,yes
1002,25,35000,610,3,yes
1003,31,50000,690,8,no
1004,45,90000,750,12,no
1005,52,120000,780,15,no
1006,28,40000,620,4,yes
1007,35,60000,700,7,no
1008,41,85000,730,10,no
1009,23,32000,590,2,yes
1010,29,45000,650,5,no
1011,38,70000,710,8,no
1012,47,95000,760,11,no
1013,55,150000,800,20,no
1014,26,38000,600,3,yes
1015,33,55000,680,6,no
1016,44,88000,740,10,no
1017,21,28000,570,1,yes
1018,30,47000,660,5,no
1019,39,72000,715,8,no
1020,50,110000,770,14,no